﻿pos_x,pos_y,rotation,side,designator,mpn,pack,value,mount_type,place
134.1,-102.85,-90.0,top,C1,C0805C225K8PACTU,C_0805_2012Metric,2.2u,smt,True
182.1,-86.3,-90.0,top,C10,C0805C225K8PACTU,C_0805_2012Metric,2.2u,smt,True
160.1,-86.3,-90.0,top,C11,C0805C225K8PACTU,C_0805_2012Metric,2.2u,smt,True
148.6,-126.0,90.0,top,C12,C0805C225K8PACTU,C_0805_2012Metric,2.2u,smt,True
148.6,-121.4,90.0,top,C13,C0805C225K8PACTU,C_0805_2012Metric,2.2u,smt,True
147.2,-116.0,90.0,top,C14,GRM21BR60J226ME39L,C_0805_2012Metric,22u,smt,True
110.3,-107.5,-90.0,top,C15,GRM32ER71A476KE15L,C_1210_3225Metric,47u,smt,True
99.8,-107.5,-90.0,top,C16,GRM32ER71A476KE15L,C_1210_3225Metric,47u,smt,True
106.8,-107.5,-90.0,top,C17,GRM32ER71A476KE15L,C_1210_3225Metric,47u,smt,True
103.3,-107.5,-90.0,top,C18,GRM32ER71A476KE15L,C_1210_3225Metric,47u,smt,True
93.6,-105.0,-90.0,top,C19,GRM188C81A106MA73D,C_0603_1608Metric,10u,smt,True
186.1,-102.85,-90.0,top,C2,C0805C225K8PACTU,C_0805_2012Metric,2.2u,smt,True
93.6,-108.0,90.0,top,C20,C0603C104K5RAC9109,CAPC1608X90N,100n,smt,True
92.1,-105.0,-90.0,top,C21,C0603C101K8RACAUTO,C_0603_1608Metric,100p,smt,True
90.6,-105.0,-90.0,top,C22,0603ZC223KAT2A,C_0603_1608Metric,22n,smt,True
98.775,-102.5,0.0,top,C23,0603ZC103KAT4A,C_0603_1608Metric,10n,smt,True
85.1,-90.5,0.0,top,C24,C1206C224KARACAUTO,C_1206_3216Metric,220n,smt,True
85.1,-93.0,0.0,top,C25,C1206C224KARACAUTO,C_1206_3216Metric,220n,smt,True
130.6,-86.3,-90.0,top,C26,C0805C225K8PACTU,C_0805_2012Metric,2.2u,smt,True
108.6,-86.3,-90.0,top,C27,C0805C225K8PACTU,C_0805_2012Metric,2.2u,smt,True
138.7,-111.5,180.0,top,C28,GRM188C81A106MA73D,C_0603_1608Metric,10u,smt,True
147.2,-104.4,180.0,top,C29,GRM188C81A106MA73D,C_0603_1608Metric,10u,smt,True
180.1,-118.0,-90.0,top,C3,C0603C104K5RAC9109,C_0603_1608Metric,100n,smt,True
182.1,-118.0,-90.0,top,C4,C0603C104K5RAC9109,C_0603_1608Metric,100n,smt,True
182.6,-104.0,0.0,top,C5,C1206C106K8RAC,C_1206_3216Metric,10u,smt,True
172.6,-104.5,90.0,top,C6,C0603C104K5RAC9109,C_0603_1608Metric,100n,smt,True
233.6,-86.7,-90.0,top,C7,C0805C225K8PACTU,C_0805_2012Metric,2.2u,smt,True
211.6,-86.3,-90.0,top,C8,C0805C225K8PACTU,C_0805_2012Metric,2.2u,smt,True
213.3,-112.2,0.0,top,C9,C0805C225K8PACTU,C_0805_2012Metric,2.2u,smt,True
201.6,-126.0,90.0,top,D1,599-0480-127F,LED_1206_3216Metric,LED,smt,True
198.6,-126.0,90.0,top,D2,599-0410-127F,LED_1206_3216Metric,LED,smt,True
176.6,-121.5,180.0,top,D3,PRTR5V0U2X-QR ,SOT-143,PRTR5V0U2X,smt,True
139.0775,-115.5225,180.0,top,D4,P6SMB6.8A/TR13,D_SMB_Handsoldering,"P6SMB6,8A",smt,True
83.0,-100.7,0.0,top,D5,RFN1LAM6STR,RFN1LAM6STR,RFN1LAM6STR,smt,True
175.1,-126.225,180.0,top,F1,MINISMDC110F/24-2,Fuse_1812_4532Metric_Pad1.30x3.40mm_HandSolder,"2,2A",smt,True
97.6,-89.5,0.0,top,LED1,DNP,LED_WS2812B_PLCC4_5.0x5.0mm_P3.2mm,WS2812B,smt,True
119.6,-89.5,0.0,top,LED2,DNP,LED_WS2812B_PLCC4_5.0x5.0mm_P3.2mm,WS2812B,smt,True
149.1,-89.5,0.0,top,LED3,DNP,LED_WS2812B_PLCC4_5.0x5.0mm_P3.2mm,WS2812B,smt,True
171.1,-89.5,0.0,top,LED4,DNP,LED_WS2812B_PLCC4_5.0x5.0mm_P3.2mm,WS2812B,smt,True
200.6,-89.5,0.0,top,LED5,DNP,LED_WS2812B_PLCC4_5.0x5.0mm_P3.2mm,WS2812B,smt,True
222.6,-89.5,0.0,top,LED6,DNP,LED_WS2812B_PLCC4_5.0x5.0mm_P3.2mm,WS2812B,smt,True
97.6,-89.5,0.0,top,N1,DNP,IN-14,IN-14,tht,True
119.6,-89.5,0.0,top,N2,DNP,IN-14,IN-14,tht,True
149.1,-89.5,0.0,top,N3,DNP,IN-14,IN-14,tht,True
171.1,-89.5,0.0,top,N4,DNP,IN-14,IN-14,tht,True
200.6,-89.5,0.0,top,N5,DNP,IN-14,IN-14,tht,True
222.6,-89.5,0.0,top,N6,DNP,IN-14,IN-14,tht,True
153.6,-74.42,-90.0,top,Q1,MPSA92,TO-92L_Inline_Wide,MPSA92,tht,True
218.05,-79.5875,90.0,top,Q10,MPSA92,TO-92L_Inline_Wide,MPSA92,tht,True
196.0075,-79.52,90.0,top,Q11,MPSA92,TO-92L_Inline_Wide,MPSA92,tht,True
166.5,-79.52,90.0,top,Q12,MPSA92,TO-92L_Inline_Wide,MPSA92,tht,True
233.68,-99.6,0.0,top,Q13,BSS138,SOT-23W_Handsoldering,BSS138,smt,True
174.65,-117.35,180.0,top,Q14,UMH3NTN ,SOT-363_SC-70-6,UMH3N,smt,True
118.0775,-123.3975,180.0,top,Q15,IPD50R3K0CEAUMA1,TO-252-2,IPD50R3K0CE,smt,True
232.79,-118.72,0.0,top,Q16,BSS138,SOT-23W_Handsoldering,BSS138,smt,True
232.8,-115.15,0.0,top,Q17,BSS138,SOT-23W_Handsoldering,BSS138,smt,True
232.79,-111.55,0.0,top,Q18,BSS138,SOT-23W_Handsoldering,BSS138,smt,True
232.79,-107.95,0.0,top,Q19,BSS138,SOT-23W_Handsoldering,BSS138,smt,True
124.1875,-74.45,-90.0,top,Q2,MPSA92,TO-92L_Inline_Wide,MPSA92,tht,True
102.15,-74.45,-90.0,top,Q3,MPSA92,TO-92L_Inline_Wide,MPSA92,tht,True
227.1,-74.42,-90.0,top,Q4,MPSA92,TO-92L_Inline_Wide,MPSA92,tht,True
205.1,-74.42,-90.0,top,Q5,MPSA92,TO-92L_Inline_Wide,MPSA92,tht,True
175.6,-74.42,-90.0,top,Q6,MPSA92,TO-92L_Inline_Wide,MPSA92,tht,True
144.55,-79.55,90.0,top,Q7,MPSA92,TO-92L_Inline_Wide,MPSA92,tht,True
115.1375,-79.5,90.0,top,Q8,MPSA92,TO-92L_Inline_Wide,MPSA92,tht,True
93.1,-79.54,90.0,top,Q9,MPSA92,TO-92L_Inline_Wide,MPSA92,tht,True
140.6,-81.0,-90.0,top,R1,RC1206JR-7W330KL,R_1206_3216Metric,330K,smt,True
222.6,-77.0,180.0,top,R10,CR1206-FX-3300ELF,R_1206_3216Metric,300,smt,True
200.55,-76.9325,180.0,top,R11,CR1206-FX-3300ELF,R_1206_3216Metric,300,smt,True
171.05,-76.9325,180.0,top,R12,CR1206-FX-3300ELF,R_1206_3216Metric,300,smt,True
131.6,-103.0,-90.0,top,R13,CRCW120610K0FKEA,R_1206_3216Metric,10K,smt,True
201.6,-122.0,90.0,top,R14,ESR03EZPF1000,R_0603_1608Metric,100,smt,True
198.6,-122.0,90.0,top,R15,ESR03EZPF1000,R_0603_1608Metric,100,smt,True
212.2,-114.0,0.0,top,R16,CMP0603AFX-1002ELF,R_0603_1608Metric,10k,smt,True
229.68,-99.6,-90.0,top,R17,CMP0603AFX-1002ELF,R_0603_1608Metric,10K,smt,True
238.18,-99.6,-90.0,top,R18,CMP0603AFX-1002ELF,R_0603_1608Metric,10K,smt,True
171.1,-117.675,-90.0,top,R19,CMP0603AFX-1002ELF,R_0603_1608Metric,10K,smt,True
111.1375,-81.0,-90.0,top,R2,RC1206JR-7W330KL,R_1206_3216Metric,330K,smt,True
208.6,-117.5,180.0,top,R20,ERJ-UP3J512V,R_0603_1608Metric,5K1,smt,True
212.6,-117.5,0.0,top,R21,ERJ-UP3J512V,R_0603_1608Metric,5K1,smt,True
172.1,-113.5,0.0,top,R22,CMP0603AFX-1002ELF,R_0603_1608Metric,10K,smt,True
95.1,-99.5,0.0,top,R23,RCS0603140KFKEA,R_0603_1608Metric,140K,smt,True
92.1,-108.0,90.0,top,R24,RCS0603140KFKEA,R_0603_1608Metric,140K,smt,True
91.1,-102.5,180.0,top,R25,CMP0603AFX-1002ELF,R_0603_1608Metric,10K,smt,True
98.8,-100.9,0.0,top,R26,ERJ-PA3F22R0V,R_0603_1608Metric,22,smt,True
102.3,-102.4625,-90.0,top,R27,CFN1206-JZ-R020ELF ,R_1206_3216Metric,0.02 1W,smt,True
85.1,-95.5,0.0,top,R28,RCV12061M00FKEAAT,R_1206_3216Metric,1M,smt,True
86.2,-98.5,-90.0,top,R29,CRCW060363K4FKEA,R_0603_1608Metric,63.4K,smt,True
89.1,-81.0,-90.0,top,R3,RC1206JR-7W330KL,R_1206_3216Metric,330K,smt,True
86.2,-102.0,-90.0,top,R30,CMP0603AFX-1002ELF,R_0603_1608Metric,10K,smt,True
188.6,-102.9625,-90.0,top,R31,CRCW120610K0FKEA,R_1206_3216Metric,10K,smt,True
229.1,-118.8,-90.0,top,R32,CMP0603AFX-1002ELF,R_0603_1608Metric,10K,smt,True
236.5,-117.9,-90.0,top,R33,CMP0603AFX-1002ELF,R_0603_1608Metric,10K,smt,True
229.1,-115.2,-90.0,top,R34,CMP0603AFX-1002ELF,R_0603_1608Metric,10K,smt,True
236.5,-114.9,90.0,top,R35,CMP0603AFX-1002ELF,R_0603_1608Metric,10K,smt,True
229.1,-111.6,-90.0,top,R36,CMP0603AFX-1002ELF,R_0603_1608Metric,10K,smt,True
236.5,-111.8,-90.0,top,R37,CMP0603AFX-1002ELF,R_0603_1608Metric,10K,smt,True
229.1,-108.0,-90.0,top,R38,CMP0603AFX-1002ELF,R_0603_1608Metric,10K,smt,True
236.5,-108.8,90.0,top,R39,CMP0603AFX-1002ELF,R_0603_1608Metric,10K,smt,True
214.1,-81.0,-90.0,top,R4,RC1206JR-7W330KL,R_1206_3216Metric,330K,smt,True
192.05,-80.9325,-90.0,top,R5,RC1206JR-7W330KL,R_1206_3216Metric,330K,smt,True
162.55,-80.9325,-90.0,top,R6,RC1206JR-7W330KL,R_1206_3216Metric,330K,smt,True
149.1,-77.0,180.0,top,R7,CR1206-FX-3300ELF,R_1206_3216Metric,300,smt,True
119.6375,-77.0,180.0,top,R8,CR1206-FX-3300ELF,R_1206_3216Metric,300,smt,True
97.6,-77.0,180.0,top,R9,CR1206-FX-3300ELF,R_1206_3216Metric,300,smt,True
183.1425,-123.1675,0.0,top,SW1,EG1224,SW_E-Switch_EG1224_SPDT_Angled,EG1224,tht,True
99.8,-119.7,0.0,top,T1,DA2032-ALD,SOP250P2197X889-12N,DA2032-ALD,smt,True
122.6,-109.0,90.0,top,U1,,PQFP-44_10x10mm_P0.8mm,HV5122,smt,True
197.6,-109.0,90.0,top,U2,,PQFP-44_10x10mm_P0.8mm,HV5122,smt,True
141.8,-123.35,90.0,top,U3,,SOT-223-3_TabPin2,LM1117MP-3.3,smt,True
182.1,-111.0,0.0,top,U4,FT232RNL-REEL,SSOP-28_5.3x10.2mm_P0.65mm,FT232RNL,smt,True
221.6,-113.5,0.0,top,U5,,SOIC-18W_7.5x11.6mm_P1.27mm,MCP23008,smt,True
160.1,-114.0,180.0,top,U6,,ESP-12E,ESP-12F,smt,True
96.1925,-106.5175,90.0,top,U7,,MSOP-10-1EP_3x3mm_P0.5mm_EP1.68x1.88mm,LT3757EMSE,smt,True
144.9,-109.2,0.0,top,U8,NCV1117ST12T3G ,SOT-223-3_TabPin2,NCP1117-12,smt,True
210.6,-129.6625,0.0,top,USB1,,HRO-TYPE-C-31-M-12-Assembly,HRO-TYPE-C-31-M-12,smt,True
