﻿designator,quantity,value,pack,mpn,mount_type
"C1, C10, C11, C12, C13, C2, C26, C27, C7, C8, C9",11,2.2u,C_0805_2012Metric,C0805C225K8PACTU,smt
C14,1,22u,C_0805_2012Metric,GRM21BR60J226ME39L,smt
"C15, C16, C17, C18",4,47u,C_1210_3225Metric,GRM32ER71A476KE15L,smt
"C19, C28, C29",3,10u,C_0603_1608Metric,GRM188C81A106MA73D,smt
C20,1,100n,CAPC1608X90N,C0603C104K5RAC9109,smt
C21,1,100p,C_0603_1608Metric,C0603C101K8RACAUTO,smt
C22,1,22n,C_0603_1608Metric,0603ZC223KAT2A,smt
C23,1,10n,C_0603_1608Metric,0603ZC103KAT4A,smt
"C24, C25",2,220n,C_1206_3216Metric,C1206C224KARACAUTO,smt
"C3, C4, C6",3,100n,C_0603_1608Metric,C0603C104K5RAC9109,smt
C5,1,10u,C_1206_3216Metric,C1206C106K8RAC,smt
D1,1,LED,LED_1206_3216Metric,599-0480-127F,smt
D2,1,LED,LED_1206_3216Metric,599-0410-127F,smt
D3,1,PRTR5V0U2X,SOT-143,PRTR5V0U2X-QR ,smt
D4,1,"P6SMB6,8A",D_SMB_Handsoldering,P6SMB6.8A/TR13,smt
D5,1,RFN1LAM6STR,RFN1LAM6STR,RFN1LAM6STR,smt
F1,1,"2,2A",Fuse_1812_4532Metric_Pad1.30x3.40mm_HandSolder,MINISMDC110F/24-2,smt
"LED1, LED2, LED3, LED4, LED5, LED6",6,WS2812B,LED_WS2812B_PLCC4_5.0x5.0mm_P3.2mm,DNP,smt
"N1, N2, N3, N4, N5, N6",6,IN-14,IN-14,DNP,tht
"Q1, Q10, Q11, Q12, Q2, Q3, Q4, Q5, Q6, Q7, Q8, Q9",12,MPSA92,TO-92L_Inline_Wide,MPSA92,tht
"Q13, Q16, Q17, Q18, Q19",5,BSS138,SOT-23W_Handsoldering,BSS138,smt
Q14,1,UMH3N,SOT-363_SC-70-6,UMH3NTN ,smt
Q15,1,IPD50R3K0CE,TO-252-2,IPD50R3K0CEAUMA1,smt
"R1, R2, R3, R4, R5, R6",6,330K,R_1206_3216Metric,RC1206JR-7W330KL,smt
"R10, R11, R12, R7, R8, R9",6,300,R_1206_3216Metric,CR1206-FX-3300ELF,smt
"R13, R31",2,10K,R_1206_3216Metric,CRCW120610K0FKEA,smt
"R14, R15",2,100,R_0603_1608Metric,ESR03EZPF1000,smt
R16,1,10k,R_0603_1608Metric,CMP0603AFX-1002ELF,smt
"R17, R18, R19, R22, R25, R30, R32, R33, R34, R35, R36, R37, R38, R39",14,10K,R_0603_1608Metric,CMP0603AFX-1002ELF,smt
"R20, R21",2,5K1,R_0603_1608Metric,ERJ-UP3J512V,smt
"R23, R24",2,140K,R_0603_1608Metric,RCS0603140KFKEA,smt
R26,1,22,R_0603_1608Metric,ERJ-PA3F22R0V,smt
R27,1,0.02 1W,R_1206_3216Metric,CFN1206-JZ-R020ELF ,smt
R28,1,1M,R_1206_3216Metric,RCV12061M00FKEAAT,smt
R29,1,63.4K,R_0603_1608Metric,CRCW060363K4FKEA,smt
SW1,1,EG1224,SW_E-Switch_EG1224_SPDT_Angled,EG1224,tht
T1,1,DA2032-ALD,SOP250P2197X889-12N,DA2032-ALD,smt
"U1, U2",2,HV5122,PQFP-44_10x10mm_P0.8mm,,smt
U3,1,LM1117MP-3.3,SOT-223-3_TabPin2,,smt
U4,1,FT232RNL,SSOP-28_5.3x10.2mm_P0.65mm,FT232RNL-REEL,smt
U5,1,MCP23008,SOIC-18W_7.5x11.6mm_P1.27mm,,smt
U6,1,ESP-12F,ESP-12E,,smt
U7,1,LT3757EMSE,MSOP-10-1EP_3x3mm_P0.5mm_EP1.68x1.88mm,,smt
U8,1,NCP1117-12,SOT-223-3_TabPin2,NCV1117ST12T3G ,smt
USB1,1,HRO-TYPE-C-31-M-12,HRO-TYPE-C-31-M-12-Assembly,,smt
